group1,group2,meandiff,p-adj,lower,upper,reject
auto,baby,-0.0309,0.9998,-0.1405,0.0788,False
auto,bed_bath_table,-0.1457,0.0,-0.2302,-0.0612,True
auto,computers_accessories,-0.0705,0.3198,-0.16,0.0189,False
auto,cool_stuff,0.0782,0.3772,-0.0243,0.1807,False
auto,electronics,-0.023,1.0,-0.1358,0.0898,False
auto,furniture_decor,-0.0751,0.2349,-0.1655,0.0152,False
auto,garden_tools,0.0425,0.988,-0.0609,0.1458,False
auto,health_beauty,0.0802,0.092,-0.0051,0.1655,False
auto,housewares,0.0523,0.8374,-0.0395,0.1441,False
auto,perfumery,0.1144,0.021,0.0081,0.2206,True
auto,sports_leisure,0.0822,0.0904,-0.0051,0.1695,False
auto,telephony,-0.0933,0.0881,-0.1922,0.0055,False
auto,toys,0.0876,0.1728,-0.013,0.1882,False
auto,watches_gifts,-0.0294,0.9992,-0.1219,0.0631,False
baby,bed_bath_table,-0.1148,0.0039,-0.2101,-0.0196,True
baby,computers_accessories,-0.0397,0.9911,-0.1393,0.0599,False
baby,cool_stuff,0.1091,0.0625,-0.0024,0.2206,False
baby,electronics,0.0079,1.0,-0.1132,0.1289,False
baby,furniture_decor,-0.0443,0.977,-0.1447,0.0561,False
baby,garden_tools,0.0733,0.6535,-0.0389,0.1856,False
baby,health_beauty,0.1111,0.0075,0.0152,0.207,True
baby,housewares,0.0832,0.2619,-0.0186,0.1849,False
baby,perfumery,0.1452,0.0017,0.0303,0.2602,True
baby,sports_leisure,0.1131,0.0075,0.0154,0.2107,True
baby,telephony,-0.0625,0.8217,-0.1706,0.0456,False
baby,toys,0.1185,0.0203,0.0087,0.2282,True
baby,watches_gifts,0.0015,1.0,-0.1009,0.1039,False
bed_bath_table,computers_accessories,0.0752,0.0258,0.0042,0.1461,True
bed_bath_table,cool_stuff,0.2239,0.0,0.1371,0.3108,True
bed_bath_table,electronics,0.1227,0.0024,0.0239,0.2216,True
bed_bath_table,furniture_decor,0.0706,0.0626,-0.0015,0.1427,False
bed_bath_table,garden_tools,0.1882,0.0,0.1003,0.2761,True
bed_bath_table,health_beauty,0.2259,0.0,0.1602,0.2916,True
bed_bath_table,housewares,0.198,0.0,0.124,0.272,True
bed_bath_table,perfumery,0.2601,0.0,0.1688,0.3513,True
bed_bath_table,sports_leisure,0.2279,0.0,0.1597,0.2961,True
bed_bath_table,telephony,0.0524,0.6989,-0.0301,0.1348,False
bed_bath_table,toys,0.2333,0.0,0.1487,0.318,True
bed_bath_table,watches_gifts,0.1163,0.0,0.0415,0.1912,True
computers_accessories,cool_stuff,0.1488,0.0,0.0572,0.2404,True
computers_accessories,electronics,0.0476,0.966,-0.0555,0.1506,False
computers_accessories,furniture_decor,-0.0046,1.0,-0.0824,0.0732,False
computers_accessories,garden_tools,0.113,0.0032,0.0204,0.2056,True
computers_accessories,health_beauty,0.1508,0.0,0.0789,0.2227,True
computers_accessories,housewares,0.1229,0.0,0.0433,0.2024,True
computers_accessories,perfumery,0.1849,0.0,0.0891,0.2807,True
computers_accessories,sports_leisure,0.1528,0.0,0.0786,0.2269,True
computers_accessories,telephony,-0.0228,0.9999,-0.1103,0.0647,False
computers_accessories,toys,0.1582,0.0,0.0686,0.2477,True
computers_accessories,watches_gifts,0.0412,0.9216,-0.0392,0.1215,False
cool_stuff,electronics,-0.1012,0.1547,-0.2158,0.0133,False
cool_stuff,furniture_decor,-0.1534,0.0,-0.2459,-0.0609,True
cool_stuff,garden_tools,-0.0358,0.9983,-0.141,0.0695,False
cool_stuff,health_beauty,0.002,1.0,-0.0856,0.0896,False
cool_stuff,housewares,-0.0259,0.9998,-0.1199,0.068,False
cool_stuff,perfumery,0.0361,0.9985,-0.0719,0.1442,False
cool_stuff,sports_leisure,0.004,1.0,-0.0855,0.0935,False
cool_stuff,telephony,-0.1716,0.0,-0.2724,-0.0708,True
cool_stuff,toys,0.0094,1.0,-0.0932,0.1119,False
cool_stuff,watches_gifts,-0.1076,0.0099,-0.2023,-0.013,True
electronics,furniture_decor,-0.0522,0.9326,-0.156,0.0517,False
electronics,garden_tools,0.0655,0.841,-0.0499,0.1808,False
electronics,health_beauty,0.1032,0.0332,0.0037,0.2027,True
electronics,housewares,0.0753,0.4933,-0.0299,0.1804,False
electronics,perfumery,0.1374,0.0069,0.0194,0.2553,True
electronics,sports_leisure,0.1052,0.0323,0.004,0.2064,True
electronics,telephony,-0.0704,0.7053,-0.1817,0.0409,False
electronics,toys,0.1106,0.0622,-0.0023,0.2235,False
electronics,watches_gifts,-0.0064,1.0,-0.1122,0.0994,False
furniture_decor,garden_tools,0.1176,0.0019,0.0242,0.2111,True
furniture_decor,health_beauty,0.1554,0.0,0.0824,0.2284,True
furniture_decor,housewares,0.1274,0.0,0.0469,0.208,True
furniture_decor,perfumery,0.1895,0.0,0.0929,0.2861,True
furniture_decor,sports_leisure,0.1574,0.0,0.0821,0.2326,True
furniture_decor,telephony,-0.0182,1.0,-0.1066,0.0702,False
furniture_decor,toys,0.1627,0.0,0.0723,0.2532,True
furniture_decor,watches_gifts,0.0458,0.8495,-0.0356,0.1271,False
garden_tools,health_beauty,0.0377,0.9833,-0.0509,0.1264,False
garden_tools,housewares,0.0098,1.0,-0.0851,0.1047,False
garden_tools,perfumery,0.0719,0.6366,-0.037,0.1808,False
garden_tools,sports_leisure,0.0397,0.978,-0.0508,0.1302,False
garden_tools,telephony,-0.1358,0.0006,-0.2375,-0.0341,True
garden_tools,toys,0.0451,0.9792,-0.0583,0.1486,False
garden_tools,watches_gifts,-0.0719,0.4044,-0.1675,0.0237,False
health_beauty,housewares,-0.0279,0.9954,-0.1028,0.0469,False
health_beauty,perfumery,0.0342,0.9956,-0.0578,0.1261,False
health_beauty,sports_leisure,0.002,1.0,-0.0672,0.0712,False
health_beauty,telephony,-0.1736,0.0,-0.2569,-0.0903,True
health_beauty,toys,0.0074,1.0,-0.0781,0.0928,False
health_beauty,watches_gifts,-0.1096,0.0001,-0.1853,-0.0339,True
housewares,perfumery,0.0621,0.7028,-0.036,0.1601,False
housewares,sports_leisure,0.0299,0.9931,-0.0472,0.107,False
housewares,telephony,-0.1456,0.0,-0.2356,-0.0557,True
housewares,toys,0.0353,0.9938,-0.0566,0.1272,False
housewares,watches_gifts,-0.0817,0.0589,-0.1647,0.0013,False
perfumery,sports_leisure,-0.0322,0.9981,-0.1259,0.0616,False
perfumery,telephony,-0.2077,0.0,-0.3123,-0.1031,True
perfumery,toys,-0.0268,0.9999,-0.1331,0.0796,False
perfumery,watches_gifts,-0.1438,0.0001,-0.2425,-0.0451,True
sports_leisure,telephony,-0.1756,0.0,-0.2608,-0.0903,True
sports_leisure,toys,0.0054,1.0,-0.082,0.0928,False
sports_leisure,watches_gifts,-0.1116,0.0001,-0.1895,-0.0337,True
telephony,toys,0.1809,0.0,0.082,0.2799,True
telephony,watches_gifts,0.064,0.5203,-0.0267,0.1546,False
toys,watches_gifts,-0.117,0.0017,-0.2096,-0.0244,True
